{
  "Calibration": {
    "Dynamic": {
      "CalibrationHistory": [
        {
          "Epipolar": -0.000180303382787737364,
          "Time": 13281439754.3435822
        }
      ],
      "Stereo": {
        "Angle": {
          "Epipolar": -0.000203115516342222691,
          "OpticalAxis": 0,
          "Vergence": 0
        },
        "DisparityMapOffset": 0,
        "Left": {
          "Camera": [
            [
              1499.7064208984375,
              0,
              0
            ],
            [
              0,
              1499.7064208984375,
              0
            ],
            [
              505.388519287109375,
              515.776123046875,
              1
            ]
          ],
          "ForcedRawImageSize": [
            0,
            0
          ],
          "ForcedRectifiedImageSize": [
            0,
            0
          ],
          "RawAoiIncrements": {
            "Height": 1,
            "Left": 1,
            "Top": 1,
            "Width": 1
          },
          "RectifiedAoiIncrements": {
            "Height": 1,
            "Left": 1,
            "Top": 1,
            "Width": 1
          },
          "Rotation": [
            [
              0.996841228062270823,
              -0.00292945686151066748,
              -0.0793661408775830912
            ],
            [
              0.00268802568640212668,
              0.99999143019482728,
              -0.00314865920878691641
            ],
            [
              0.0793746845865421907,
              0.00292537508712717833,
              0.996840559782449231
            ]
          ]
        },
        "Reprojection": [
          [
            1,
            0,
            0,
            0
          ],
          [
            0,
            1,
            0,
            0
          ],
          [
            0,
            0,
            0,
            0.00988389310675633591
          ],
          [
            -505.388519287109375,
            -515.776123046875,
            1499.7064208984375,
            2.92973124337147306
          ]
        ],
        "Right": {
          "Camera": [
            [
              1499.7064208984375,
              0,
              0
            ],
            [
              0,
              1499.7064208984375,
              0
            ],
            [
              801.80322265625,
              515.776123046875,
              1
            ]
          ],
          "ForcedRawImageSize": [
            0,
            0
          ],
          "ForcedRectifiedImageSize": [
            0,
            0
          ],
          "RawAoiIncrements": {
            "Height": 1,
            "Left": 1,
            "Top": 1,
            "Width": 1
          },
          "RectifiedAoiIncrements": {
            "Height": 1,
            "Left": 1,
            "Top": 1,
            "Width": 1
          },
          "Rotation": [
            [
              0.995597067282754322,
              -0.00208050925894726069,
              0.0937131319463932466
            ],
            [
              0.00179332082894042384,
              0.999993434953717619,
              0.00314865842373414102
            ],
            [
              -0.0937190675283485902,
              -0.00296673738108014107,
              0.995594262162517896
            ]
          ]
        }
      }
    },
    "Monocular": {
      "Left": {
        "BinningShift": [
          -11,
          1
        ],
        "Camera": [
          [
            1520.3187255859375,
            0,
            0
          ],
          [
            0,
            1520.6044921875,
            0
          ],
          [
            648.839111328125,
            495.076873779296875,
            1
          ]
        ],
        "Distortion": {
          "K1": -0.549955785274505615,
          "K2": 0.162686541676521301,
          "K3": 0.169211402535438538,
          "Rx": 0,
          "Ry": 0,
          "T1": -0.00066427118144929409,
          "T2": -0.000817916239611804485
        }
      },
      "Right": {
        "BinningShift": [
          13,
          1
        ],
        "Camera": [
          [
            1525.189697265625,
            0,
            0
          ],
          [
            0,
            1525.595703125,
            0
          ],
          [
            630.5574951171875,
            534.787353515625,
            1
          ]
        ],
        "Distortion": {
          "K1": -0.551358044147491455,
          "K2": 0.174474269151687622,
          "K3": 0.134284123778343201,
          "Rx": 0,
          "Ry": 0,
          "T1": -0.00170077488292008638,
          "T2": 0.00152557995170354843
        }
      }
    },
    "Stereo": {
      "Angle": {
        "Epipolar": -0.00670357550906250724,
        "OpticalAxis": -0.00084607687348417851,
        "Vergence": 0.173300070901644759
      },
      "Baseline": 101.174708103270532,
      "Left": {
        "Camera": [
          [
            1499.7064208984375,
            0,
            0
          ],
          [
            0,
            1499.7064208984375,
            0
          ],
          [
            505.388519287109375,
            515.776123046875,
            1
          ]
        ],
        "Rotation": [
          [
            0.996841228062270823,
            -0.00294557729565555473,
            -0.079365544222282855
          ],
          [
            0.00268802568640212668,
            0.999990770025511067,
            -0.0033517729181217243
          ],
          [
            0.0793746845865421907,
            0.00312784881040154396,
            0.996839945030598362
          ]
        ]
      },
      "Rectification": true,
      "Reprojection": [
        [
          1,
          0,
          0,
          0
        ],
        [
          0,
          1,
          0,
          0
        ],
        [
          0,
          0,
          0,
          0.00988389310675633591
        ],
        [
          -505.388519287109375,
          -515.776123046875,
          1499.7064208984375,
          2.92973124337147306
        ]
      ],
      "Right": {
        "Camera": [
          [
            1499.7064208984375,
            0,
            0
          ],
          [
            0,
            1499.7064208984375,
            0
          ],
          [
            801.80322265625,
            515.776123046875,
            1
          ]
        ],
        "Rotation": [
          [
            0.995597067282754322,
            -0.00209954380708306373,
            0.0937127074295733692
          ],
          [
            0.00179332082894042384,
            0.999992774784519534,
            0.00335177254026659951
          ],
          [
            -0.0937190675283485902,
            -0.00316895796111843963,
            0.995593639035052047
          ]
        ]
      }
    }
  },
  "EepromFormat": {
    "Calibration": {
      "Current": 6,
      "Latest": 9
    }
  },
  "EepromId": 255,
  "HardwareRevision": {
    "Projector": 2
  },
  "Images": {
    "DisparityMap": 13281439755.6130009,
    "Normals": null,
    "PointMap": null,
    "Raw": [
      {
        "Left": 13281439755.6130009,
        "Right": 13281439755.6130009
      },
      {
        "Left": 13281439755.6959991,
        "Right": 13281439755.6959991
      },
      {
        "Left": 13281439755.7789993,
        "Right": 13281439755.7789993
      },
      {
        "Left": 13281439755.8610001,
        "Right": 13281439755.8610001
      },
      {
        "Left": 13281439755.9440002,
        "Right": 13281439755.9440002
      },
      {
        "Left": 13281439756.0279999,
        "Right": 13281439756.0279999
      },
      {
        "Left": 13281439756.1100006,
        "Right": 13281439756.1100006
      },
      {
        "Left": 13281439756.1970005,
        "Right": 13281439756.1970005
      }
    ],
    "Rectified": [
      {
        "Left": 13281439755.6130009,